Institution_Sector_at_Entry,Age_at_Entry,Starting_Enrollment_Intensity,Metric,2013,2014,2015,2016,2017,2018,2019,2020,2021,2022
All Sectors,Age 20 or Younger,Total,Retention Rate,0.6947476200423488,0.696987258636052,0.7047259224342173,0.7044052065943726,0.7018606436328885,0.7062868400251469,0.7001560812813916,0.6942762077408857,0.7075806945494725,0.7191158799245744
All Sectors,Age 20 or Younger,Total,Retention Rate,0.8011191443882255,0.8020278587746548,0.8081253531805417,0.8070034647797163,0.8006196254605615,0.8042506934923389,0.784624076045291,0.7869471067069422,0.8011399871116107,0.8091780555674952
All Sectors,Age 20 or Younger,Total,Retention Rate,2139849.0,2141372.0,2112942.0,2143282.0,2206817.0,2225331.0,2216153.0,2041601.0,2093357.0,2140388.0
All Sectors,Age 20 or Younger,Full-Time,Retention Rate,0.7371882113744737,0.7416923030934799,0.7494406182374536,0.748954515599251,0.7448781038094482,0.7495379006680865,0.7468696889503571,0.7378706055193236,0.7496044934037354,0.7609721279607394
All Sectors,Age 20 or Younger,Full-Time,Retention Rate,0.842090483239893,0.8447466048297184,0.8508724977142306,0.8494738444890063,0.8414790873560128,0.8440282916653794,0.8283069803316622,0.8242878940689808,0.8391724318999352,0.8477059100213692
All Sectors,Age 20 or Younger,Full-Time,Retention Rate,1808998.0,1572307.0,1741208.0,1779797.0,1852683.0,1877302.0,1879925.0,1728219.0,1782524.0,1824122.0
All Sectors,Age 20 or Younger,Part-Time,Retention Rate,0.4626951400897251,0.4744373166011113,0.4868956572297508,0.484284063676823,0.4741439853234152,0.4758393953295323,0.4352303902769993,0.4508144427305838,0.4659928689299833,0.4797610385631677
All Sectors,Age 20 or Younger,Part-Time,Retention Rate,0.5770281872377474,0.56984375975526,0.5768147054877231,0.5740257331963939,0.5594552177838931,0.5621236283140733,0.5094545561815983,0.5501021586568358,0.5572958919179888,0.565025083291847
All Sectors,Age 20 or Younger,Part-Time,Retention Rate,330788.0,256272.0,268308.0,280416.0,279084.0,274662.0,271192.0,247654.0,252697.0,261130.0
All Sectors,Age 20 or Younger,Non-Credential,Retention Rate,,,0.5694524219797051,0.5711584737023032,0.5817349607672189,0.5683919779032064,0.5674862576140247,0.5632486507832039,0.6027641551493536,0.6158341950276491
All Sectors,Age 20 or Younger,Non-Credential,Retention Rate,,,0.7148908673176335,0.7182880715022344,0.7399738448125545,0.7487090188543293,0.7348833754271282,0.7225220481769119,0.7645604506950918,0.7609135458346447
All Sectors,Age 20 or Younger,Non-Credential,Retention Rate,,,41784.0,40726.0,36704.0,33308.0,26924.0,30388.0,24673.0,22243.0
All Sectors,Age 20 or Younger,Program Unknown,Retention Rate,,,0.4815061159598974,0.4177786174810476,0.3957909560319199,0.3740982051474075,0.3747900923593619,0.3811827956989247,0.3706780623375071,0.3679506277931474
All Sectors,Age 20 or Younger,Program Unknown,Retention Rate,,,0.6706628597384899,0.6500720307961174,0.639753820476712,0.6464464914251479,0.6230583543240974,0.6760328239954726,0.643576487463766,0.6434803757638403
All Sectors,Age 20 or Younger,Program Unknown,Retention Rate,,,61642.0,42343.0,38346.0,40059.0,38112.0,35340.0,33463.0,32893.0
All Sectors,Ages 21-24,Total,Retention Rate,0.5084938504872374,0.453202591313554,0.4528628454764299,0.4622258225324028,0.4562561318595068,0.4540255349315955,0.4313395525514621,0.4660032072445996,0.4566629302386918,0.4581843517674892
All Sectors,Ages 21-24,Total,Retention Rate,0.5543746391644361,0.4979657684454639,0.5002833897065545,0.5091600199401795,0.5018837072404997,0.4964383337536894,0.4679635784710778,0.5081030091500802,0.4973460371884478,0.4993377179214296
All Sectors,Ages 21-24,Total,Retention Rate,228636.0,198355.0,164085.0,160480.0,152890.0,146701.0,143212.0,106010.0,121328.0,130609.0
All Sectors,Ages 21-24,Full-Time,Retention Rate,0.5925562267426555,0.5568342330307576,0.5629800495693357,0.5744078430394273,0.5655078970789442,0.5585448929216598,0.5334571967457703,0.5476016989816773,0.555504,0.5620221610858628
All Sectors,Ages 21-24,Full-Time,Retention Rate,0.635374643357738,0.603917789919739,0.612623003116488,0.6247365073029574,0.6139929065766927,0.6052236027414262,0.5744728767277538,0.5916934724270912,0.599952,0.6081378912009241
All Sectors,Ages 21-24,Full-Time,Retention Rate,140547.0,91327.0,81502.0,80173.0,75281.0,72517.0,71046.0,56269.0,62500.0,65791.0
All Sectors,Ages 21-24,Part-Time,Retention Rate,0.3743584502884135,0.3740353202973344,0.3928180158247109,0.3903353189210896,0.3907657269056903,0.3951807228915662,0.3709084222140493,0.3884328889310623,0.3934857242188518,0.4079313779295485
All Sectors,Ages 21-24,Part-Time,Retention Rate,0.4250124903483672,0.415321244259268,0.4366750717328927,0.4329194833009838,0.4342799958590703,0.4338248516453875,0.4047995586612725,0.4270769084784362,0.4316413889009604,0.4462467223611195
All Sectors,Ages 21-24,Part-Time,Retention Rate,88068.0,63363.0,57505.0,59764.0,57958.0,55610.0,54380.0,42154.0,46022.0,49197.0
All Sectors,Ages 21-24,Non-Credential,Retention Rate,,,0.2555854485904784,0.2958762886597938,0.2946320868516284,0.2448731317344456,0.2255244755244755,0.3448131037379252,0.2422502870264064,0.2099307159353348
All Sectors,Ages 21-24,Non-Credential,Retention Rate,,,0.3083401567434787,0.3469072164948453,0.3388118214716526,0.2862356621480709,0.2521367521367521,0.3956320873582528,0.2761194029850746,0.2454965357967667
All Sectors,Ages 21-24,Non-Credential,Retention Rate,,,8549.0,7760.0,6632.0,5754.0,5148.0,2381.0,3484.0,4330.0
All Sectors,Ages 21-24,Program Unknown,Retention Rate,,,0.2208240062919717,0.1957287021825862,0.1984023350487748,0.2119344773790951,0.2011394207944295,0.2675758739915482,0.1860115854966745,0.1673013904879993
All Sectors,Ages 21-24,Program Unknown,Retention Rate,,,0.2669247988384052,0.2392239693342721,0.2376526614947384,0.2470358814352574,0.2289128026586485,0.3121398386477141,0.216477150826003,0.1940483570985741
All Sectors,Ages 21-24,Program Unknown,Retention Rate,,,16529.0,12783.0,13019.0,12820.0,12638.0,5206.0,9322.0,11291.0
All Sectors,Age 25 or Older,Total,Retention Rate,0.4861085722377415,0.439207729468599,0.4438512190781278,0.444056094743919,0.4568409067954568,0.4437055275700829,0.42154210348326,0.4289057997435928,0.4144329785099587,0.4245980480496781
All Sectors,Age 25 or Older,Total,Retention Rate,0.5194011405620422,0.4723188405797101,0.4764275692521635,0.4755899946560016,0.4881692391034882,0.4725790056247035,0.4453086837259986,0.4570517872055139,0.441736122031766,0.4526559768979405
All Sectors,Age 25 or Older,Total,Retention Rate,388405.0,310500.0,241617.0,232036.0,217822.0,221345.0,212904.0,170042.0,184411.0,184226.0
All Sectors,Age 25 or Older,Full-Time,Retention Rate,0.5892751613783072,0.5350217105133898,0.5573706348430011,0.5588472622478386,0.5664626208348337,0.531860239574323,0.519380582709067,0.5013231402528668,0.4757795471731684,0.4944531048991267
All Sectors,Age 25 or Older,Full-Time,Retention Rate,0.6227270660969179,0.5705739041593807,0.5922307541817471,0.5929298751200769,0.5997701022075728,0.5639170663940657,0.5453482522806684,0.5313297946424427,0.5065462687009771,0.5265842325912249
All Sectors,Age 25 or Older,Full-Time,Retention Rate,175984.0,101794.0,81784.0,78075.0,72206.0,76302.0,73553.0,64619.0,67443.0,66073.0
All Sectors,Age 25 or Older,Part-Time,Retention Rate,0.4006196265290556,0.4223519094810526,0.4380877396296853,0.4269212758208023,0.4479887771288154,0.4428797987531445,0.4200495357221409,0.426504291008387,0.4107102312657448,0.420022548901562
All Sectors,Age 25 or Older,Part-Time,Retention Rate,0.4337526955637377,0.452912918972194,0.4684666354090181,0.4556515254002116,0.4775313350998963,0.4698220861132378,0.4431438926662268,0.453164618685391,0.435999178298429,0.4462821677594492
All Sectors,Age 25 or Older,Part-Time,Retention Rate,212386.0,128857.0,113039.0,115314.0,109063.0,109716.0,104571.0,82032.0,92491.0,91357.0
All Sectors,Age 25 or Older,Non-Credential,Retention Rate,,,0.2872027360216336,0.3091326921440122,0.3071546451800796,0.2866652578191039,0.257720721811796,0.2481286829112916,0.2881451009723261,0.3058552980718202
All Sectors,Age 25 or Older,Non-Credential,Retention Rate,,,0.3296746997534399,0.3481998467954719,0.3476361518299194,0.3165680473372781,0.2791570788421945,0.2755215798694059,0.3160059835452505,0.3366354148239873
All Sectors,Age 25 or Older,Non-Credential,Retention Rate,,,12573.0,11749.0,10301.0,9464.0,8257.0,6279.0,5348.0,5653.0
All Sectors,Age 25 or Older,Program Unknown,Retention Rate,,,0.2491452616814236,0.2432522864153468,0.2508380313880847,0.2445965278583304,0.2071032688609885,0.233286582515194,0.2514506769825919,0.2578158255687461
All Sectors,Age 25 or Older,Program Unknown,Retention Rate,,,0.2798866193273136,0.2761171834337125,0.2805500533292701,0.2718942118083749,0.2281416129397127,0.2618045815801776,0.2761252548486591,0.2801872960317835
All Sectors,Age 25 or Older,Program Unknown,Retention Rate,,,34221.0,26898.0,26252.0,25863.0,26523.0,17112.0,19129.0,21143.0
All Sectors,Age Missing,Total,Retention Rate,0.1746870109546165,0.1620183095592931,0.1115089514066496,0.1129978388391478,0.0936931473620376,0.0802956920723935,0.0903903903903903,0.0667709963484611,0.05625,0.0459130434782608
All Sectors,Age Missing,Total,Retention Rate,0.1746870109546165,0.1620183095592931,0.1120204603580562,0.1133065761037357,0.0942995755003032,0.0805505990313535,0.0915915915915916,0.0667709963484611,0.05625,0.0466086956521739
All Sectors,Age Missing,Total,Retention Rate,5112.0,4697.0,3910.0,3239.0,3298.0,3923.0,3330.0,5751.0,2720.0,2875.0
All Sectors,Age Missing,Full-Time,Retention Rate,0.4854771784232365,0.4606365159128978,0.4566929133858268,0.3138461538461538,0.2412451361867704,0.5146198830409356,0.5258620689655172,0.5227272727272727,0.2837837837837837,0.2741935483870967
All Sectors,Age Missing,Full-Time,Retention Rate,0.4854771784232365,0.4606365159128978,0.4566929133858268,0.3138461538461538,0.2490272373540856,0.5146198830409356,0.5301724137931034,0.5227272727272727,0.2837837837837837,0.2903225806451613
All Sectors,Age Missing,Full-Time,Retention Rate,964.0,597.0,381.0,325.0,257.0,171.0,232.0,220.0,148.0,62.0
All Sectors,Age Missing,Part-Time,Retention Rate,0.1024590163934426,0.2673913043478261,0.2624309392265193,0.2310030395136778,0.1437308868501529,0.173469387755102,0.2264150943396226,0.2578740157480315,0.1144067796610169,0.130718954248366
All Sectors,Age Missing,Part-Time,Retention Rate,0.1024590163934426,0.2673913043478261,0.2624309392265193,0.2310030395136778,0.1437308868501529,0.173469387755102,0.2264150943396226,0.2578740157480315,0.1144067796610169,0.130718954248366
All Sectors,Age Missing,Part-Time,Retention Rate,4148.0,460.0,362.0,329.0,327.0,294.0,265.0,508.0,236.0,153.0
All Sectors,Age Missing,Non-Credential,Retention Rate,,,,0.1043956043956044,,,0.0706521739130434,0.0705882352941176,0.1111111111111111,0.0561797752808988
All Sectors,Age Missing,Non-Credential,Retention Rate,,,,0.1098901098901098,,,0.0760869565217391,0.0705882352941176,0.1111111111111111,0.0589887640449438
All Sectors,Age Missing,Non-Credential,Retention Rate,,,236.0,182.0,141.0,181.0,184.0,170.0,279.0,356.0
All Sectors,Age Missing,Program Unknown,Retention Rate,,,0.0535653360627772,0.0703287557220141,0.0746210649047804,0.0518767165090021,0.04001510003775,0.0259633216567071,0.0257656781720952,0.0325520833333333
All Sectors,Age Missing,Program Unknown,Retention Rate,,,0.0542476970317297,0.0703287557220141,0.0746210649047804,0.0521818736649374,0.0407701019252548,0.0259633216567071,0.0257656781720952,0.0325520833333333
All Sectors,Age Missing,Program Unknown,Retention Rate,,,2931.0,2403.0,2573.0,3277.0,2649.0,4853.0,2057.0,2304.0
Public 4-Year,Total,Total,Retention Rate,0.748865435015676,0.7406800741557741,0.7482566864639795,0.752002096465809,0.7717988399762352,0.773775130882575,0.7837189270903641,0.7673662233724433,0.7679500926416637,0.7799357710607527
Public 4-Year,Total,Total,Retention Rate,0.8433124964854528,0.8382502992044681,0.8442161528204281,0.847974062858024,0.8663738291389814,0.8664559079761861,0.8631803624229675,0.849484031621413,0.8537432572891118,0.8638951557606511
Public 4-Year,Total,Total,Retention Rate,1084777.0,1065325.0,1052163.0,1057017.0,971187.0,980268.0,976373.0,919630.0,973644.0,1004843.0
Public 4-Year,Age 20 or Younger,Total,Retention Rate,0.7719292455240788,0.7688023562872408,0.7741801237079164,0.7749455632511963,0.7895356968692622,0.7931957764801985,0.8033928411095859,0.7814235068173957,0.7844527278595864,0.7986493204649241
Public 4-Year,Age 20 or Younger,Total,Retention Rate,0.8760487113094731,0.8735321459387327,0.8757596828427913,0.8758831875535653,0.8875205782979007,0.889332500615894,0.8856576631541826,0.8657034478364554,0.8727131998847086,0.8851702141495166
Public 4-Year,Age 20 or Younger,Total,Retention Rate,939248.0,958457.0,963560.0,975444.0,916621.0,925484.0,924417.0,878928.0,926349.0,953446.0
Public 4-Year,Age 20 or Younger,Full-Time,Retention Rate,0.7899576330898297,0.7917238926289499,0.7960070663711306,0.7960052866273375,0.8020053180722448,0.8065681385190733,0.8172562604986549,0.7971089157285095,0.8000968164995457,0.8132181838129444
Public 4-Year,Age 20 or Younger,Full-Time,Retention Rate,0.8913143288345009,0.8922485973689471,0.8946998790677597,0.8938492640317018,0.8966104190052077,0.8986941568240947,0.8958465159260894,0.8757460209194243,0.8833899049916573,0.8954190275975411
Public 4-Year,Age 20 or Younger,Full-Time,Retention Rate,879932.0,770338.0,875697.0,894332.0,869488.0,878666.0,878684.0,826887.0,873818.0,902363.0
Public 4-Year,Age 20 or Younger,Part-Time,Retention Rate,0.504501922169016,0.5080368690082729,0.5231632283749548,0.5339534711691386,0.5246082168572639,0.5075666264898888,0.4979441679290197,0.498930634915568,0.4898724681170293,0.5180691957121767
Public 4-Year,Age 20 or Younger,Part-Time,Retention Rate,0.6495413772172388,0.6627799560692218,0.6505810914062814,0.6460221178385176,0.6809826344769165,0.6674255613588679,0.6422852196494265,0.6557282855045169,0.6526631657914479,0.6704538160344052
Public 4-Year,Age 20 or Younger,Part-Time,Retention Rate,59308.0,48713.0,49734.0,54074.0,23610.0,22401.0,23105.0,31327.0,31992.0,31158.0
Public 4-Year,Age 20 or Younger,Non-Credential,Retention Rate,,,0.6924936025021325,0.6935297293128712,0.7195846873266228,0.7115685660613651,0.7049394546563289,0.7097791798107256,0.7084627329192547,0.7195009714694754
Public 4-Year,Age 20 or Younger,Non-Credential,Retention Rate,,,0.825774808075064,0.8339631371944166,0.8423555520329714,0.8459611772072636,0.81845108458925,0.834337061466399,0.8480201863354038,0.8419061253706923
Public 4-Year,Age 20 or Younger,Non-Credential,Retention Rate,,,14068.0,12967.0,12617.0,12776.0,11479.0,10461.0,10304.0,9779.0
Public 4-Year,Age 20 or Younger,Program Unknown,Retention Rate,,,0.5464028926478534,0.4375666263947125,0.4498441225013754,0.4230736191048879,0.4451520315723383,0.452648005461816,0.4461162677088422,0.4408633944411591
Public 4-Year,Age 20 or Younger,Program Unknown,Retention Rate,,,0.6811021985786126,0.6559590647430886,0.6622042912158445,0.6573318443432695,0.6562023499865459,0.7293475080464255,0.6738641914997557,0.6747486694263749
Public 4-Year,Age 20 or Younger,Program Unknown,Retention Rate,,,24061.0,14071.0,10906.0,11641.0,11149.0,10253.0,10235.0,10146.0
Public 4-Year,Ages 21-24,Total,Retention Rate,0.6213532618462829,0.512125748502994,0.4895356654882994,0.5045068126237335,0.5008568010604934,0.4799826226440315,0.4594368261279179,0.5897999560342932,0.4820047476835898,0.4599423437919013
Public 4-Year,Ages 21-24,Total,Retention Rate,0.6582849098424489,0.5498502994011976,0.5292892927628012,0.5467800163037149,0.5412719454233891,0.519449271487769,0.4934924456540703,0.6374477907232359,0.5250784899303163,0.5012402788951461
Public 4-Year,Ages 21-24,Total,Retention Rate,66772.0,53440.0,46109.0,42935.0,30929.0,29924.0,28659.0,18196.0,26118.0,29832.0
Public 4-Year,Ages 21-24,Full-Time,Retention Rate,0.6834323017027802,0.6521906670263188,0.6411678485124589,0.6515570220664054,0.6634567765366203,0.6536197763390229,0.6343682402341265,0.6960169491525424,0.6416222967199106,0.6324949338419359
Public 4-Year,Ages 21-24,Full-Time,Retention Rate,0.7150497463525896,0.6925359331046973,0.6848631303727766,0.6970921839554547,0.7063225664447257,0.696468510888758,0.672668278406922,0.7422033898305085,0.6918425031223295,0.6808916438192871
Public 4-Year,Ages 21-24,Full-Time,Retention Rate,50858.0,25951.0,25243.0,24245.0,18173.0,16990.0,15718.0,11800.0,15213.0,16778.0
Public 4-Year,Ages 21-24,Part-Time,Retention Rate,0.4229584459671842,0.4475385899040467,0.4517705844014772,0.4409081264587312,0.4613371401379966,0.4255966307908282,0.4198283649503161,0.4257657236380641,0.4100658313867063,0.4244727341820254
Public 4-Year,Ages 21-24,Part-Time,Retention Rate,0.4766455019802603,0.4860241969128077,0.4920703888768195,0.48482919584129,0.5262907447061622,0.4822180627047262,0.4706413730803975,0.4781388823942015,0.4561478020811212,0.4782443473304199
Public 4-Year,Ages 21-24,Part-Time,Retention Rate,15907.0,9588.0,9206.0,9426.0,4203.0,4274.0,4428.0,4277.0,4709.0,5263.0
Public 4-Year,Ages 21-24,Non-Credential,Retention Rate,,,0.2193779245802367,0.2742911755336094,0.2668052668052668,0.2427576090942427,0.2160766961651917,0.412483039348711,0.218931475029036,0.1406025824964132
Public 4-Year,Ages 21-24,Non-Credential,Retention Rate,,,0.2510322047894302,0.3102899012424339,0.2903672903672903,0.2739273927392739,0.2330383480825958,0.4504748982360922,0.2450638792102207,0.1592539454806312
Public 4-Year,Ages 21-24,Non-Credential,Retention Rate,,,3633.0,3139.0,2886.0,2727.0,2712.0,737.0,1722.0,2091.0
Public 4-Year,Ages 21-24,Program Unknown,Retention Rate,,,0.1782733275196212,0.1382857142857143,0.1279336509617081,0.1309624136187426,0.1294604378555421,0.2850940665701881,0.116227089852481,0.1019298245614035
Public 4-Year,Ages 21-24,Program Unknown,Retention Rate,,,0.2086707362651052,0.1683265306122449,0.150873478030704,0.1521995617731333,0.1472159972418548,0.3357452966714906,0.1383549396513187,0.1191228070175438
Public 4-Year,Ages 21-24,Program Unknown,Retention Rate,,,8027.0,6125.0,5667.0,5933.0,5801.0,1382.0,4474.0,5700.0
Public 4-Year,Age 25 or Older,Total,Retention Rate,0.5985512571518555,0.4816159158687804,0.4621721168682494,0.4683848421972261,0.4728207979980536,0.4455916681630454,0.4362498235044947,0.4489614078075402,0.4297891889132765,0.4247
Public 4-Year,Age 25 or Older,Total,Retention Rate,0.6273423967245814,0.5120075341390676,0.4933801204519437,0.5003276182155728,0.5091524167014226,0.4769258394684862,0.4626535510895656,0.4809823467171576,0.4628145577050686,0.4567
Public 4-Year,Age 25 or Older,Total,Retention Rate,76204.0,50968.0,40182.0,36628.0,21579.0,22276.0,21247.0,17957.0,19591.0,20000.0
Public 4-Year,Age 25 or Older,Full-Time,Retention Rate,0.7327693836471577,0.6175602734796689,0.6217964265502466,0.622804054054054,0.6404463424714147,0.6310026591584545,0.6363794907568887,0.6327882425998758,0.6209359143018229,0.6185926878559618
Public 4-Year,Age 25 or Older,Full-Time,Retention Rate,0.7591663057048946,0.6489384670744872,0.6570458404074703,0.6586148648648649,0.6794324287091886,0.668700140778977,0.665852807813045,0.6710825915959429,0.6690471715842886,0.6579092412272644
Public 4-Year,Age 25 or Older,Full-Time,Retention Rate,39247.0,13895.0,12369.0,11840.0,7259.0,6393.0,5734.0,4831.0,5321.0,5443.0
Public 4-Year,Age 25 or Older,Part-Time,Retention Rate,0.4559846291234812,0.4954519432606068,0.4944777747477502,0.4920878354827466,0.5124363636363637,0.4949913182850274,0.5031393888656341,0.4794998546088979,0.4789903489235337,0.4640058055152394
Public 4-Year,Age 25 or Older,Part-Time,Retention Rate,0.4873217330122047,0.5252846511036193,0.5239978183801473,0.5196932729173929,0.5524363636363636,0.5286496594096434,0.5336961071578066,0.5122128525734225,0.5123979213066073,0.4989840348330914
Public 4-Year,Age 25 or Older,Part-Time,Retention Rate,36953.0,15721.0,14668.0,14345.0,6875.0,7487.0,7167.0,6878.0,6735.0,6890.0
Public 4-Year,Age 25 or Older,Non-Credential,Retention Rate,,,0.3247889965614254,0.3611486486486486,0.3404171585989767,0.3186897880539499,0.2916474388555606,0.3058527375707992,0.3347010550996483,0.3172043010752688
Public 4-Year,Age 25 or Older,Non-Credential,Retention Rate,,,0.355423569865583,0.3915540540540541,0.3715072805981897,0.3452793834296724,0.3137978772496539,0.3329137822529893,0.3640093786635404,0.3510752688172043
Public 4-Year,Age 25 or Older,Non-Credential,Retention Rate,,,3199.0,2960.0,2541.0,2595.0,2167.0,1589.0,1706.0,1860.0
Public 4-Year,Age 25 or Older,Program Unknown,Retention Rate,,,0.260205107580937,0.2210343445142322,0.2377650897226753,0.2342699534563006,0.223660786535038,0.262073406310367,0.2262823811974609,0.2307559841570518
Public 4-Year,Age 25 or Older,Program Unknown,Retention Rate,,,0.2890609290166901,0.2557797674729387,0.2677406199021207,0.2577141872091019,0.2438905971840103,0.288259283107963,0.2461828787098987,0.2517651110728431
Public 4-Year,Age 25 or Older,Program Unknown,Retention Rate,,,9946.0,7483.0,4904.0,5801.0,6179.0,4659.0,5829.0,5807.0
Public 4-Year,Age Missing,Total,Retention Rate,0.0853897375636506,0.116260162601626,0.0761245674740484,0.072636815920398,0.0787172011661807,0.0495356037151702,0.0468292682926829,0.0184655968344691,0.0151324085750315,0.0185303514376996
Public 4-Year,Age Missing,Total,Retention Rate,0.0853897375636506,0.116260162601626,0.0761245674740484,0.072636815920398,0.0792031098153547,0.0495356037151702,0.0468292682926829,0.0184655968344691,0.0151324085750315,0.0191693290734824
Public 4-Year,Age Missing,Total,Retention Rate,2553.0,2460.0,2312.0,2010.0,2058.0,2584.0,2050.0,4549.0,1586.0,1565.0
Public 4-Year,Age Missing,Full-Time,Retention Rate,113.0,53.0,53.0,60.0,50.0,21.0,25.0,31.0,11.0,11.0
Public 4-Year,Age Missing,Program Unknown,Retention Rate,,,0.0555032925682031,0.0587583148558758,0.0741701244813278,0.039934129271305,0.0302564102564102,0.0167496604798551,0.0122343850611719,0.0162232316677482
Public 4-Year,Age Missing,Program Unknown,Retention Rate,,,0.0555032925682031,0.0587583148558758,0.0741701244813278,0.039934129271305,0.0302564102564102,0.0167496604798551,0.0122343850611719,0.0162232316677482
Public 4-Year,Age Missing,Program Unknown,Retention Rate,,,2126.0,1804.0,1928.0,2429.0,1950.0,4418.0,1553.0,1541.0
Private Nonprofit 4-Year,Total,Total,Retention Rate,0.7661150717943569,0.7591921626063336,0.7680776593455139,0.7662770131170723,0.7710690866383201,0.7705899849157619,0.7576886042259464,0.7550626496399406,0.7628951675609263,0.7596701119263107
Private Nonprofit 4-Year,Total,Total,Retention Rate,0.8650748067075007,0.8615257542341851,0.8705798398332635,0.8719630107929796,0.8718096501625759,0.8695765790647773,0.8507265035865367,0.8451571493548022,0.8575807303860711,0.8546007604562738
Private Nonprofit 4-Year,Total,Total,Retention Rate,497950.0,469748.0,441415.0,448347.0,459785.0,470690.0,462145.0,433123.0,465562.0,466825.0
Private Nonprofit 4-Year,Age 20 or Younger,Total,Retention Rate,0.7911805389236191,0.789677297145022,0.7956465310569375,0.7924291229191768,0.7978735323916801,0.7976412700924965,0.7852638227346767,0.7781758949441361,0.7880013394812087,0.7912887122341307
Private Nonprofit 4-Year,Age 20 or Younger,Total,Retention Rate,0.9052166985185222,0.9014648883362636,0.9053292464647834,0.9047948068553444,0.9045878777042732,0.9026668963173649,0.8841468916358387,0.8735744057449905,0.8877880060229819,0.892095488205929
Private Nonprofit 4-Year,Age 20 or Younger,Total,Retention Rate,409186.0,411772.0,398349.0,406690.0,419475.0,429638.0,421154.0,396589.0,427031.0,422670.0
Private Nonprofit 4-Year,Age 20 or Younger,Full-Time,Retention Rate,0.7989231154520411,0.801344664311351,0.8060560358837678,0.803448901518733,0.8077594798069997,0.8079103379635639,0.7959722542898268,0.7906779772473204,0.7990179881633803,0.8030282191713535
Private Nonprofit 4-Year,Age 20 or Younger,Full-Time,Retention Rate,0.9103481091910844,0.911585793964176,0.9127946434375608,0.9123310495690152,0.9114157301153464,0.909828301623706,0.8915937572152111,0.8811021240218321,0.8958732179473474,0.9007834565414936
Private Nonprofit 4-Year,Age 20 or Younger,Full-Time,Retention Rate,399300.0,356074.0,384575.0,391313.0,405388.0,415962.0,407126.0,380175.0,411604.0,407170.0
Private Nonprofit 4-Year,Age 20 or Younger,Part-Time,Retention Rate,0.4783972477992512,0.4076475477971737,0.5507573316145665,0.5303408146300914,0.5422270878949015,0.4915458937198068,0.4697324414715719,0.4230813222006176,0.4542381695267811,0.4792071511853867
Private Nonprofit 4-Year,Age 20 or Younger,Part-Time,Retention Rate,0.6978650207426894,0.570573566084788,0.691105381888495,0.6773067331670823,0.6800125117297466,0.63216011042098,0.6005016722408026,0.6212970376301041,0.5833333333333334,0.6002072807358466
Private Nonprofit 4-Year,Age 20 or Younger,Part-Time,Retention Rate,9883.0,6015.0,6206.0,6015.0,6394.0,5796.0,5980.0,8743.0,7692.0,7719.0
Private Nonprofit 4-Year,Age 20 or Younger,Non-Credential,Retention Rate,,,0.529872162796765,0.5737819025522042,0.629716428404031,0.6349721706864564,0.6294178794178794,0.6844682835820896,0.6897224631396357,0.6672418042888835
Private Nonprofit 4-Year,Age 20 or Younger,Non-Credential,Retention Rate,,,0.7362379337333681,0.7545243619489559,0.8029060229669557,0.8126159554730983,0.8009355509355509,0.8334888059701493,0.8451864700780573,0.8156273108208035
Private Nonprofit 4-Year,Age 20 or Younger,Non-Credential,Retention Rate,,,3833.0,4310.0,4267.0,4312.0,3848.0,4288.0,4612.0,4057.0
Private Nonprofit 4-Year,Age 20 or Younger,Program Unknown,Retention Rate,,,0.4034805890227577,0.4374505146476642,0.3146526561587857,0.2942825112107623,0.3392857142857143,0.4096955365060597,0.303234069804675,0.2897422126745435
Private Nonprofit 4-Year,Age 20 or Younger,Program Unknown,Retention Rate,,,0.6661311914323963,0.720110847189232,0.6424401634559253,0.6160313901345291,0.6423809523809524,0.7304167898315105,0.6349663784822286,0.6305048335123523
Private Nonprofit 4-Year,Age 20 or Younger,Program Unknown,Retention Rate,,,3735.0,5052.0,3426.0,3568.0,4200.0,3383.0,3123.0,3724.0
Private Nonprofit 4-Year,Ages 21-24,Total,Retention Rate,0.704256416131989,0.5799407988313535,0.5555613768533557,0.557671499675395,0.5370751802265705,0.5338315607933314,0.5182536049439231,0.5801942319011183,0.5399739429112874,0.5025039957378796
Private Nonprofit 4-Year,Ages 21-24,Total,Retention Rate,0.7370245187901008,0.619267289432207,0.5983129878975219,0.606903267690976,0.5859938208032955,0.5753377407300948,0.5597390707255665,0.625,0.5839156697856213,0.5502397442727757
Private Nonprofit 4-Year,Ages 21-24,Total,Retention Rate,34912.0,26013.0,19087.0,18484.0,17478.0,17395.0,17476.0,13592.0,16886.0,18770.0
Private Nonprofit 4-Year,Ages 21-24,Full-Time,Retention Rate,0.7457267833109017,0.6919150545087908,0.6989028213166144,0.704421967733846,0.660423232778028,0.6682401812688822,0.6408437381763148,0.6825415129151291,0.6612318840579711,0.6291504959034067
Private Nonprofit 4-Year,Ages 21-24,Full-Time,Retention Rate,0.7743270524899057,0.7309849391896149,0.7401253918495297,0.752403243333612,0.7102206213417379,0.710630664652568,0.6863412788497919,0.7299354243542435,0.7065217391304348,0.6817593790426908
Private Nonprofit 4-Year,Ages 21-24,Full-Time,Retention Rate,29720.0,15869.0,12760.0,11963.0,11105.0,10592.0,10572.0,8672.0,11040.0,11595.0
Private Nonprofit 4-Year,Ages 21-24,Part-Time,Retention Rate,0.4669620497014062,0.4038813621384108,0.4219676017384433,0.4246931944960952,0.432902033271719,0.4259319286871961,0.4316939890710382,0.4345269909139497,0.4108108108108108,0.4297774366845741
Private Nonprofit 4-Year,Ages 21-24,Part-Time,Retention Rate,0.5234058948179542,0.4606371292566825,0.4812327143421572,0.4908888062476757,0.4927911275415896,0.4726094003241491,0.4776599164255866,0.4738107963655799,0.4549075391180654,0.4722435405474546
Private Nonprofit 4-Year,Ages 21-24,Part-Time,Retention Rate,5191.0,2731.0,2531.0,2689.0,2705.0,3085.0,3111.0,3742.0,3515.0,3909.0
Private Nonprofit 4-Year,Ages 21-24,Non-Credential,Retention Rate,,,0.1317034700315457,0.1381475667189952,0.1728271728271728,0.1535911602209944,0.1520395550061804,0.3234200743494423,0.1395348837209302,0.1824817518248175
Private Nonprofit 4-Year,Ages 21-24,Non-Credential,Retention Rate,,,0.1727129337539432,0.1703296703296703,0.2187812187812187,0.1856353591160221,0.176761433868974,0.3903345724907063,0.1843853820598006,0.2356621480709071
Private Nonprofit 4-Year,Ages 21-24,Non-Credential,Retention Rate,,,1268.0,1274.0,1001.0,905.0,809.0,269.0,602.0,959.0
Private Nonprofit 4-Year,Ages 21-24,Program Unknown,Retention Rate,,,0.1784018987341772,0.2200938232994527,0.2658417697787776,0.2683967294703164,0.2734584450402145,0.2794279427942794,0.1677270098322729,0.1222366710013004
Private Nonprofit 4-Year,Ages 21-24,Program Unknown,Retention Rate,,,0.2132120253164557,0.2658326817826427,0.30108736407949,0.303945965161749,0.3006032171581769,0.3157315731573157,0.2024291497975708,0.1521456436931079
Private Nonprofit 4-Year,Ages 21-24,Program Unknown,Retention Rate,,,2528.0,2558.0,2667.0,2813.0,2984.0,909.0,1729.0,2307.0
Private Nonprofit 4-Year,Age 25 or Older,Total,Retention Rate,0.6237746029333536,0.5191896634231935,0.4903319644079397,0.4794430290784503,0.4635567216614044,0.4615551317614424,0.445532966318436,0.4662893810436255,0.4476598953669227,0.4302176182445997
Private Nonprofit 4-Year,Age 25 or Older,Total,Retention Rate,0.6517212554145452,0.5516350295102888,0.5219028062970568,0.513528946674866,0.4946413483345933,0.4939320388349514,0.472668949672721,0.4920903703043536,0.4819720035820333,0.4628202039669156
Private Nonprofit 4-Year,Age 25 or Older,Total,Retention Rate,52636.0,31345.0,23376.0,22766.0,22487.0,23072.0,23069.0,22441.0,21217.0,24906.0
Private Nonprofit 4-Year,Age 25 or Older,Full-Time,Retention Rate,0.7076323481649887,0.5823489706378671,0.5849590937696665,0.5651304830649639,0.5187506996529722,0.5218494813506952,0.5018922528940338,0.5503570549125831,0.5130782271736498,0.5064285714285715
Private Nonprofit 4-Year,Age 25 or Older,Full-Time,Retention Rate,0.731373822669698,0.6129767127910901,0.6139081183134046,0.5983342587451416,0.5506548751819098,0.5553961597881263,0.5333926981300089,0.5824919970450628,0.5509808670380237,0.545
Private Nonprofit 4-Year,Age 25 or Older,Full-Time,Retention Rate,30790.0,11852.0,9534.0,9005.0,8933.0,9062.0,8984.0,8122.0,8258.0,9800.0
Private Nonprofit 4-Year,Age 25 or Older,Part-Time,Retention Rate,0.5056076905470359,0.4871031746031746,0.5266099918481425,0.5257136117008728,0.5223016264169542,0.5028055891737265,0.4910642222990891,0.4624078153433579,0.4548550087873462,0.4259174521826668
Private Nonprofit 4-Year,Age 25 or Older,Part-Time,Retention Rate,0.5394369420920119,0.5224867724867724,0.5577035052987074,0.556970983722576,0.5500246426811237,0.5309715040158434,0.5150466966447595,0.4813715161383009,0.4852811950790861,0.4540129953326622
Private Nonprofit 4-Year,Age 25 or Older,Part-Time,Retention Rate,21845.0,9072.0,8587.0,8478.0,8116.0,9089.0,8673.0,10441.0,9104.0,10927.0
Private Nonprofit 4-Year,Age 25 or Older,Non-Credential,Retention Rate,,,0.2278637770897832,0.2032218091697645,0.2216104611149346,0.2353383458646616,0.2322001282873637,0.2393493415956623,0.2320855614973262,0.2351129363449692
Private Nonprofit 4-Year,Age 25 or Older,Non-Credential,Retention Rate,,,0.2656346749226006,0.2379182156133829,0.2525808671713695,0.2774436090225564,0.2604233483001924,0.2633617350890782,0.2641711229946524,0.2720739219712526
Private Nonprofit 4-Year,Age 25 or Older,Non-Credential,Retention Rate,,,1615.0,1614.0,1453.0,1330.0,1559.0,1291.0,935.0,974.0
Private Nonprofit 4-Year,Age 25 or Older,Program Unknown,Retention Rate,,,0.2733516483516483,0.2837285363859362,0.3084065244667503,0.2887774993038151,0.2979496496236699,0.3312717433320448,0.3092465753424657,0.2711388455538221
Private Nonprofit 4-Year,Age 25 or Older,Program Unknown,Retention Rate,,,0.3101648351648352,0.3262469337694194,0.3445420326223337,0.3252575884154831,0.3215676096548144,0.3656745264785466,0.3462328767123288,0.2995319812792512
Private Nonprofit 4-Year,Age 25 or Older,Program Unknown,Retention Rate,,,3640.0,3669.0,3985.0,3591.0,3853.0,2587.0,2920.0,3205.0
Private Nonprofit 4-Year,Age Missing,Total,Retention Rate,0.2689144736842105,0.1650485436893204,0.0497512437810945,0.1523341523341523,0.0782608695652174,0.1316239316239316,0.2466367713004484,0.1377245508982036,0.1355140186915887,0.0668058455114822
Private Nonprofit 4-Year,Age Missing,Total,Retention Rate,0.2689144736842105,0.1650485436893204,0.0497512437810945,0.1523341523341523,0.081159420289855,0.1316239316239316,0.2488789237668161,0.1377245508982036,0.1355140186915887,0.0668058455114822
Private Nonprofit 4-Year,Age Missing,Total,Retention Rate,1216.0,618.0,603.0,407.0,345.0,585.0,446.0,501.0,428.0,479.0
Private Nonprofit 4-Year,Age Missing,Full-Time,Retention Rate,408.0,109.0,39.0,40.0,49.0,47.0,91.0,63.0,38.0,20.0
Private Nonprofit 4-Year,Age Missing,Non-Credential,Retention Rate,,,65.0,84.0,45.0,57.0,57.0,76.0,162.0,256.0
Private Nonprofit 4-Year,Age Missing,Program Unknown,Retention Rate,,,0.0305676855895196,0.1235059760956175,0.056338028169014,0.1065759637188208,0.1089494163424124,0.2117647058823529,0.0862944162436548,0.0666666666666666
Private Nonprofit 4-Year,Age Missing,Program Unknown,Retention Rate,,,0.0305676855895196,0.1235059760956175,0.056338028169014,0.1065759637188208,0.11284046692607,0.2117647058823529,0.0862944162436548,0.0666666666666666
Private Nonprofit 4-Year,Age Missing,Program Unknown,Retention Rate,,,458.0,251.0,213.0,441.0,257.0,170.0,197.0,195.0
Private For-Profit 4-Year,Total,Total,Retention Rate,0.4282415688315067,0.4196517723414877,0.455704766092751,0.4453119808625158,0.4797724399494311,0.4506741246932799,0.4563489058832437,0.4280859384092549,0.4183382396567855,0.4435815234569016
Private For-Profit 4-Year,Total,Total,Retention Rate,0.4937396338092296,0.4811532700948577,0.5124649054561445,0.5079075021596119,0.5531921618204804,0.5150787578164164,0.5084929708992706,0.477293359093131,0.4714862737043883,0.501580349483
Private For-Profit 4-Year,Total,Total,Retention Rate,61498.0,64096.0,29563.0,30098.0,31640.0,37901.0,39621.0,42961.0,43821.0,44294.0
Private For-Profit 4-Year,Age 20 or Younger,Total,Retention Rate,0.4599843382928739,0.4605907560453015,0.5216631726065688,0.5021063417966526,0.5886262924667651,0.5570169202331864,0.5546783018214558,0.5190933092922918,0.5192720142165573,0.5335842842018585
Private For-Profit 4-Year,Age 20 or Younger,Total,Retention Rate,0.56938136256852,0.5632078359351087,0.6206615420451899,0.6094728452692701,0.7007221401608403,0.6599601876866202,0.6428423020984833,0.6022924850280121,0.6091672283840922,0.6299258910716387
Private For-Profit 4-Year,Age 20 or Younger,Total,Retention Rate,12770.0,13068.0,8586.0,8783.0,12186.0,14066.0,14439.0,15529.0,16319.0,17002.0
Private For-Profit 4-Year,Age 20 or Younger,Full-Time,Retention Rate,0.5041529843538729,0.5260008703220191,0.5520958083832336,0.5529792017987634,0.641956291518244,0.6049752094375107,0.6016108520559559,0.5558989415127868,0.5479732111385266,0.5580597416576965
Private For-Profit 4-Year,Age 20 or Younger,Full-Time,Retention Rate,0.606722039791385,0.6224978241949521,0.6453759148369926,0.654300168634064,0.7542119957639357,0.7085826637031971,0.6910555320050868,0.6398825620026269,0.6353894959464222,0.6557454251883746
Private For-Profit 4-Year,Age 20 or Younger,Full-Time,Retention Rate,10354.0,9192.0,7515.0,7116.0,10387.0,11698.0,11795.0,12943.0,14185.0,14864.0
Private For-Profit 4-Year,Age 20 or Younger,Part-Time,Retention Rate,0.2708074534161491,0.2608497030607583,0.3007360672975815,0.2857142857142857,0.2822085889570552,0.3240449438202247,0.3453587353060397,0.3375420875420875,0.3403490759753593,0.3602676273803397
Private For-Profit 4-Year,Age 20 or Younger,Part-Time,Retention Rate,0.4091097308488612,0.379168570123344,0.426919032597266,0.4027777777777778,0.3883435582822085,0.4121348314606741,0.4211593027969193,0.4086700336700337,0.4265913757700205,0.4338651569737519
Private For-Profit 4-Year,Age 20 or Younger,Part-Time,Retention Rate,2415.0,2189.0,951.0,1512.0,1630.0,2225.0,2467.0,2376.0,1948.0,1943.0
Private For-Profit 4-Year,Age 20 or Younger,Program Unknown,Retention Rate,,,0.3302752293577982,0.2408759124087591,0.22,0.2109375,0.3105590062111801,0.268041237113402,0.1931818181818181,0.3048780487804878
Private For-Profit 4-Year,Age 20 or Younger,Program Unknown,Retention Rate,,,0.5871559633027523,0.5328467153284672,0.3733333333333333,0.515625,0.5031055900621118,0.4484536082474227,0.5284090909090909,0.5670731707317073
Private For-Profit 4-Year,Age 20 or Younger,Program Unknown,Retention Rate,,,109.0,137.0,150.0,128.0,161.0,194.0,176.0,164.0
Private For-Profit 4-Year,Ages 21-24,Total,Retention Rate,0.3181774395530296,0.3683999679512859,0.341736125228705,0.343045843045843,0.3220174587778855,0.3178463602817846,0.3355828220858896,0.3170592433975732,0.3218477279566656,0.3350531107738999
Private For-Profit 4-Year,Ages 21-24,Total,Retention Rate,0.3843560350640593,0.4288117939267687,0.3962187436470827,0.4022921522921523,0.3862269641125121,0.3705132505870513,0.3820552147239264,0.3574589578872234,0.3635269334938308,0.3796661608497724
Private For-Profit 4-Year,Ages 21-24,Total,Retention Rate,10381.0,12481.0,4919.0,5148.0,5155.0,5962.0,6520.0,7005.0,6646.0,6590.0
Private For-Profit 4-Year,Ages 21-24,Full-Time,Retention Rate,0.3426033779848573,0.4448813559322034,0.3642280656079146,0.3791730474732006,0.3982502852795739,0.3568513119533528,0.3577783769210029,0.3353350948834975,0.3420365535248041,0.3615618661257606
Private For-Profit 4-Year,Ages 21-24,Full-Time,Retention Rate,0.4030285381479324,0.4964067796610169,0.4129133038271284,0.4373660030627871,0.4572080639026246,0.4034985422740524,0.4060393637098948,0.3730482824885899,0.3788274388796582,0.4028904665314402
Private For-Profit 4-Year,Ages 21-24,Full-Time,Retention Rate,6868.0,7375.0,3841.0,3265.0,2629.0,3430.0,3709.0,4163.0,4213.0,3944.0
Private For-Profit 4-Year,Ages 21-24,Part-Time,Retention Rate,0.270501138952164,0.2684404636459431,0.287221570926143,0.2856272838002436,0.2532438478747204,0.2726877985236647,0.3128225486304088,0.2969242902208202,0.2975632614807872,0.305020920502092
Private For-Profit 4-Year,Ages 21-24,Part-Time,Retention Rate,0.3476651480637813,0.333508956796628,0.3575615474794841,0.341047503045067,0.3194630872483222,0.3330438558402084,0.3549027391822151,0.3422712933753943,0.3491096532333645,0.3518828451882845
Private For-Profit 4-Year,Ages 21-24,Part-Time,Retention Rate,3512.0,3796.0,853.0,1642.0,2235.0,2303.0,2519.0,2536.0,2134.0,2390.0
Private For-Profit 4-Year,Ages 21-24,Program Unknown,Retention Rate,,,0.1728971962616822,0.2657657657657657,0.1654676258992805,0.1935483870967742,0.2563176895306859,0.2317880794701986,0.2190812720848056,0.205020920502092
Private For-Profit 4-Year,Ages 21-24,Program Unknown,Retention Rate,,,0.2710280373831775,0.3738738738738739,0.2661870503597122,0.2626728110599078,0.3212996389891697,0.2649006622516556,0.2614840989399293,0.2845188284518828
Private For-Profit 4-Year,Ages 21-24,Program Unknown,Retention Rate,,,214.0,222.0,278.0,217.0,277.0,302.0,283.0,239.0
Private For-Profit 4-Year,Age 25 or Older,Total,Retention Rate,0.4476260081960794,0.4222851060515589,0.4555140186915888,0.4470493628603241,0.4439082389145335,0.4112479015109121,0.422508038585209,0.3968269513270003,0.3701021533739389,0.4042512077294686
Private For-Profit 4-Year,Age 25 or Older,Total,Retention Rate,0.4983686147581634,0.4702354682104935,0.490404984423676,0.4863911913893356,0.4876905860959575,0.4492445439283716,0.4487674169346195,0.4232200568014886,0.3981583617092705,0.435024154589372
Private For-Profit 4-Year,Age 25 or Older,Total,Retention Rate,38311.0,38519.0,16050.0,16166.0,14298.0,17870.0,18660.0,20422.0,20851.0,20700.0
Private For-Profit 4-Year,Age 25 or Older,Full-Time,Retention Rate,0.4692173083041679,0.4433117509298801,0.463978362429309,0.4582925396514588,0.4805596830113918,0.4158045727201599,0.427455919395466,0.3974962008828425,0.3697314119477707,0.4024994613229907
Private For-Profit 4-Year,Age 25 or Older,Full-Time,Retention Rate,0.5141982182628062,0.4846397575423612,0.4933202196541267,0.4921676130800861,0.5141158989598811,0.4469268886377466,0.4511335012594458,0.4202909038280628,0.3946958933766322,0.4314443726208432
Private For-Profit 4-Year,Age 25 or Older,Full-Time,Retention Rate,25144.0,21777.0,12201.0,10214.0,8076.0,11503.0,11910.0,13819.0,14781.0,13923.0
Private For-Profit 4-Year,Age 25 or Older,Part-Time,Retention Rate,0.4063947748158274,0.4094396651941409,0.4675939627108612,0.4485687903970452,0.4265622218265978,0.4247422680412371,0.4298621017593913,0.4144574345463527,0.3849136411702503,0.4213649851632047
Private For-Profit 4-Year,Age 25 or Older,Part-Time,Retention Rate,0.4681400470874155,0.4603580562659846,0.5084344480615567,0.4897506925207756,0.4714260281288944,0.465807560137457,0.4593437945791726,0.4455787913716449,0.4189284455410645,0.4541621115102295
Private For-Profit 4-Year,Age 25 or Older,Part-Time,Retention Rate,13167.0,12903.0,3379.0,5415.0,5617.0,5820.0,6309.0,6073.0,5674.0,6403.0
Private For-Profit 4-Year,Age 25 or Older,Non-Credential,Retention Rate,,,53.0,57.0,41.0,59.0,53.0,24.0,23.0,32.0
Private For-Profit 4-Year,Age 25 or Older,Program Unknown,Retention Rate,,,0.1031175059952038,0.2041666666666666,0.0939716312056737,0.151639344262295,0.1623711340206185,0.1581027667984189,0.1608579088471849,0.1374269005847953
Private For-Profit 4-Year,Age 25 or Older,Program Unknown,Retention Rate,,,0.2541966426858513,0.3375,0.2712765957446808,0.3176229508196721,0.2164948453608247,0.225296442687747,0.2198391420911528,0.2017543859649122
Private For-Profit 4-Year,Age 25 or Older,Program Unknown,Retention Rate,,,417.0,480.0,564.0,488.0,388.0,506.0,373.0,342.0
PAB,Total,Total,Retention Rate,,,,,0.5741606327627373,0.5650727736630615,0.5459527715532186,0.5581699098962671,0.5480423267203038,0.5639954515530552
PAB,Total,Total,Retention Rate,,,,,0.6456186469019046,0.6423709029305732,0.6106214841303932,0.6387711062315439,0.6320148918095048,0.6423544197737746
PAB,Total,Total,Retention Rate,,,,,128579.0,193614.0,193231.0,158484.0,160088.0,167090.0
PAB,Age 20 or Younger,Total,Retention Rate,,,,,0.5989455253683775,0.5949118348311369,0.5748758444522244,0.5805605210866713,0.577216333460541,0.590382271468144
PAB,Age 20 or Younger,Total,Retention Rate,,,,,0.6823591902579135,0.6846621426887102,0.648882924235941,0.671827409220288,0.6746002694725037,0.6796823638042475
PAB,Age 20 or Younger,Total,Retention Rate,,,,,101662.0,152668.0,154242.0,130343.0,128399.0,135375.0
PAB,Age 20 or Younger,Full-Time,Retention Rate,,,,,0.6409251332882782,0.6441085819023337,0.6325915577287696,0.6291695501730104,0.631406894196287,0.640482465031421
PAB,Age 20 or Younger,Full-Time,Retention Rate,,,,,0.7275812870766689,0.7357642408789768,0.7076938429298473,0.7187312572087659,0.731245883242663,0.7289231254364034
PAB,Age 20 or Younger,Full-Time,Retention Rate,,,,,66585.0,97659.0,100210.0,86700.0,81982.0,88794.0
PAB,Age 20 or Younger,Part-Time,Retention Rate,,,,,0.5266512528900831,0.5175046851947844,0.4727656037785571,0.4928107901768673,0.4912118408880666,0.5079590340358098
PAB,Age 20 or Younger,Part-Time,Retention Rate,,,,,0.5912328938324064,0.5898560548666215,0.5327076280634895,0.5707596386308691,0.5674707654356128,0.5816835781357175
PAB,Age 20 or Younger,Part-Time,Retention Rate,,,,,32006.0,50158.0,49331.0,39295.0,42159.0,42279.0
PAB,Age 20 or Younger,Non-Credential,Retention Rate,,,,,0.4345898004434589,0.4688372093023256,0.4343845371312309,0.4198564593301435,0.4730656219392752,0.5135722041259501
PAB,Age 20 or Younger,Non-Credential,Retention Rate,,,,,0.7117516629711752,0.6865116279069767,0.6286876907426246,0.6901913875598086,0.6944172380019589,0.7035830618892508
PAB,Age 20 or Younger,Non-Credential,Retention Rate,,,,,902.0,1075.0,983.0,836.0,1021.0,921.0
PAB,Age 20 or Younger,Program Unknown,Retention Rate,,,,,0.4453665283540802,0.3866525423728814,0.4112426035502958,0.400626423690205,0.3577386468952734,0.326234841762792
PAB,Age 20 or Younger,Program Unknown,Retention Rate,,,,,0.6265560165975104,0.621822033898305,0.6105433028509951,0.640375854214123,0.6289774482545567,0.6054421768707483
PAB,Age 20 or Younger,Program Unknown,Retention Rate,,,,,2169.0,3776.0,3718.0,3512.0,3237.0,3381.0
PAB,Ages 21-24,Total,Retention Rate,,,,,0.4692609847446789,0.4547317436661699,0.4343240651965484,0.4524382633502719,0.4510718376697758,0.4755402980416634
PAB,Ages 21-24,Total,Retention Rate,,,,,0.5026034530008221,0.4923621460506706,0.4696069031639501,0.4886333244182936,0.4904270986745213,0.5118982601232738
PAB,Ages 21-24,Total,Retention Rate,,,,,10947.0,16104.0,15645.0,11217.0,12222.0,12817.0
PAB,Ages 21-24,Full-Time,Retention Rate,,,,,0.5254549171948477,0.5204240282685513,0.5063236562230526,0.5198706978513026,0.5141191473856804,0.5351228865260589
PAB,Ages 21-24,Full-Time,Retention Rate,,,,,0.5673686362707013,0.5657950530035336,0.5464213854555907,0.558471192241871,0.5560211331754418,0.5792225902039393
PAB,Ages 21-24,Full-Time,Retention Rate,,,,,4891.0,7075.0,6958.0,5259.0,5489.0,5737.0
PAB,Ages 21-24,Part-Time,Retention Rate,,,,,0.434401789042117,0.4132262517254361,0.3863874345549738,0.4085917934887305,0.4071754950076155,0.4255694578119987
PAB,Ages 21-24,Part-Time,Retention Rate,,,,,0.4590011181513231,0.4437194127243067,0.4174083769633507,0.441340782122905,0.4454222372651887,0.4565287135065768
PAB,Ages 21-24,Part-Time,Retention Rate,,,,,5366.0,7969.0,7640.0,5191.0,5909.0,6234.0
PAB,Ages 21-24,Non-Credential,Retention Rate,,,,,0.3911111111111111,0.4246575342465753,0.3565573770491803,0.3424657534246575,0.4741379310344827,0.6158940397350994
PAB,Ages 21-24,Non-Credential,Retention Rate,,,,,0.4533333333333333,0.4611872146118721,0.3811475409836065,0.3904109589041096,0.4913793103448275,0.6490066225165563
PAB,Ages 21-24,Non-Credential,Retention Rate,,,,,225.0,219.0,244.0,146.0,116.0,151.0
PAB,Ages 21-24,Program Unknown,Retention Rate,,,,,0.3182795698924731,0.3032104637336504,0.2901618929016189,0.2737520128824476,0.3248587570621469,0.4014388489208633
PAB,Ages 21-24,Program Unknown,Retention Rate,,,,,0.3483870967741935,0.3436385255648038,0.3275217932752179,0.3156199677938808,0.3573446327683616,0.4230215827338129
PAB,Ages 21-24,Program Unknown,Retention Rate,,,,,465.0,841.0,803.0,621.0,708.0,695.0
PAB,Age 25 or Older,Total,Retention Rate,,,,,0.4884668421712423,0.4537025839480791,0.4308439743755105,0.4566994431939343,0.4170569766843378,0.4347849148676603
PAB,Age 25 or Older,Total,Retention Rate,,,,,0.5099661526889808,0.4802273551820051,0.4535448643535835,0.4846582158512024,0.4406299861032477,0.4633214872964515
PAB,Age 25 or Older,Total,Retention Rate,,,,,15954.0,24807.0,23259.0,16882.0,19429.0,18853.0
PAB,Age 25 or Older,Full-Time,Retention Rate,,,,,0.5786784140969163,0.548720999405116,0.5365789818086638,0.5497921862011638,0.4928931682714351,0.5045227698066126
PAB,Age 25 or Older,Full-Time,Retention Rate,,,,,0.6026431718061674,0.578108268887567,0.5627535662871352,0.5803823773898587,0.5185694635488308,0.5369619463505927
PAB,Age 25 or Older,Full-Time,Retention Rate,,,,,5675.0,8405.0,7641.0,6015.0,6543.0,6412.0
PAB,Age 25 or Older,Part-Time,Retention Rate,,,,,0.4929245283018867,0.4576339573918657,0.4305376344086021,0.4556705938355349,0.4079411764705882,0.4190436676693289
PAB,Age 25 or Older,Part-Time,Retention Rate,,,,,0.5138888888888888,0.4833763718528082,0.4520430107526881,0.4814947042722837,0.4300980392156863,0.4475676797012758
PAB,Age 25 or Older,Part-Time,Retention Rate,,,,,7632.0,12392.0,11625.0,8403.0,10200.0,9641.0
PAB,Age 25 or Older,Non-Credential,Retention Rate,,,,,0.3787661406025825,0.4070121951219512,0.3394160583941605,0.3029661016949153,0.4431372549019607,0.501432664756447
PAB,Age 25 or Older,Non-Credential,Retention Rate,,,,,0.4117647058823529,0.4451219512195122,0.3588807785888078,0.3495762711864407,0.4862745098039215,0.5300859598853869
PAB,Age 25 or Older,Non-Credential,Retention Rate,,,,,697.0,656.0,822.0,472.0,255.0,349.0
PAB,Age 25 or Older,Program Unknown,Retention Rate,,,,,0.2476923076923076,0.2101967799642218,0.2008830022075055,0.2163654618473895,0.2484574249280131,0.3047735618115055
PAB,Age 25 or Older,Program Unknown,Retention Rate,,,,,0.26,0.2301729278473464,0.2204351939451277,0.2409638554216867,0.2702591526120937,0.3231334149326805
PAB,Age 25 or Older,Program Unknown,Retention Rate,,,,,1950.0,3354.0,3171.0,1992.0,2431.0,2451.0
PAB,Age Missing,Total,Retention Rate,,,,,16.0,35.0,85.0,42.0,38.0,45.0
Public 2-Year,Total,Total,Retention Rate,0.5131873084713365,0.5180807706912367,0.5317992256492098,0.5339839077250352,0.5307851739757429,0.5364581954847418,0.5158829525251271,0.5237623019149701,0.533691712958106,0.5496385495216383
Public 2-Year,Total,Total,Retention Rate,0.5986337546586831,0.6017017646051709,0.6181661726935423,0.6177667875612801,0.6137152724809772,0.6194662061420921,0.5850975153201597,0.6141600588937923,0.6162752865465546,0.6258932340887097
Public 2-Year,Total,Total,Retention Rate,1104926.0,1045503.0,991282.0,995633.0,983298.0,906792.0,893757.0,759333.0,753019.0,769815.0
Public 2-Year,Age 20 or Younger,Total,Retention Rate,0.5555798715425256,0.5600077624891007,0.5681588964440251,0.5680559011029874,0.5581736244838617,0.5642575795281942,0.5445710023096013,0.5465344958905044,0.5638244542678759,0.57947059547749
Public 2-Year,Age 20 or Younger,Total,Retention Rate,0.6605886770952035,0.6618279598477276,0.6705585559206603,0.6674183995313039,0.6552880340960286,0.6620312763699502,0.6255375919895566,0.650169138102113,0.6605633113403245,0.6676620018877991
Public 2-Year,Age 20 or Younger,Total,Retention Rate,772240.0,752336.0,737688.0,747606.0,752463.0,699186.0,697090.0,615769.0,592461.0,609175.0
Public 2-Year,Age 20 or Younger,Full-Time,Retention Rate,0.6065525556174501,0.6094868735083532,0.6211467639637182,0.6223967181867153,0.6111983634152431,0.619487096416666,0.606249594243387,0.6041454974213463,0.6208326326542394,0.6389748738796102
Public 2-Year,Age 20 or Younger,Full-Time,Retention Rate,0.7125305306787062,0.7113906310706555,0.723387523017118,0.7210355115402146,0.7065181498216025,0.712263306420673,0.6820522593575329,0.702031288943423,0.7147729925230221,0.7240314443845814
Public 2-Year,Age 20 or Younger,Full-Time,Retention Rate,513418.0,432408.0,469216.0,482660.0,496644.0,469172.0,477503.0,417272.0,398423.0,408340.0
Public 2-Year,Age 20 or Younger,Part-Time,Retention Rate,0.4544600866396417,0.4707554038109106,0.4773149640642481,0.4724182432246904,0.4603274880966206,0.4627948341195576,0.4180916363789376,0.434855257363808,0.4571174693442331,0.4677654092750659
Public 2-Year,Age 20 or Younger,Part-Time,Retention Rate,0.5574808809265264,0.5493334672256671,0.5567813323725181,0.5548111333827581,0.5391894088955986,0.5424174464465239,0.4855749759363774,0.5234562092449495,0.5369527871571589,0.5425683155298071
Public 2-Year,Age 20 or Younger,Part-Time,Retention Rate,258773.0,199165.0,210932.0,218514.0,215275.0,193965.0,190121.0,165777.0,168810.0,177961.0
Public 2-Year,Age 20 or Younger,Non-Credential,Retention Rate,,,0.5032258064516129,0.5030750832835056,0.4859456884230586,0.4358210930263332,0.4082326283987915,0.432426948051948,0.4474770642201834,0.4635095250872015
Public 2-Year,Age 20 or Younger,Non-Credential,Retention Rate,,,0.646041055718475,0.6475185786281712,0.6586205071197925,0.6531030832340876,0.6303814199395771,0.6130952380952381,0.6319954128440367,0.6316071907700563
Public 2-Year,Age 20 or Younger,Non-Credential,Retention Rate,,,23870.0,23414.0,18891.0,15114.0,10592.0,14784.0,8720.0,7454.0
Public 2-Year,Age 20 or Younger,Program Unknown,Retention Rate,,,0.4448767448767449,0.4025979668085845,0.377776751489401,0.3593026032959159,0.3346932287803327,0.3325156110615522,0.340562151684032,0.3489623865110246
Public 2-Year,Age 20 or Younger,Program Unknown,Retention Rate,,,0.6645084645084645,0.6323746633069771,0.6315983928324019,0.6509672796751851,0.6028928684963442,0.645350133809099,0.6313302641143688,0.6360570687418936
Public 2-Year,Age 20 or Younger,Program Unknown,Retention Rate,,,33670.0,23018.0,21653.0,20935.0,18874.0,17936.0,16508.0,15420.0
Public 2-Year,Ages 21-24,Total,Retention Rate,0.4027887190798802,0.4018088841398259,0.419739766523531,0.4309054438788715,0.4302859886153213,0.4398354473774425,0.4120274300163535,0.4267369784438893,0.4392572944297082,0.4551373412801244
Public 2-Year,Ages 21-24,Total,Retention Rate,0.4561122490065297,0.4496832544649672,0.4715059448028828,0.4787874212751272,0.4773563770203232,0.484006223464571,0.4480465045968639,0.4684429641965029,0.4782921194489604,0.4950602487691111
Public 2-Year,Ages 21-24,Total,Retention Rate,114246.0,104816.0,92686.0,92728.0,87486.0,75842.0,72767.0,54045.0,58435.0,61744.0
Public 2-Year,Ages 21-24,Full-Time,Retention Rate,0.4552380579329795,0.4655398832684825,0.4900525185625954,0.507532506727698,0.5086197750901761,0.5166797844644911,0.491583016397531,0.4967539095994447,0.5098820404655886,0.5310378093577233
Public 2-Year,Ages 21-24,Full-Time,Retention Rate,0.5152274819326661,0.519795719844358,0.54660699040178,0.5609768365986771,0.5595162316995544,0.5677786522976327,0.5325144959162043,0.5429341390714957,0.5531208499335989,0.5747467626433157
Public 2-Year,Ages 21-24,Full-Time,Retention Rate,51059.0,41120.0,38653.0,39761.0,37704.0,33034.0,32078.0,24491.0,25602.0,26951.0
Public 2-Year,Ages 21-24,Part-Time,Retention Rate,0.360379897111199,0.3661373864311794,0.3809513150531617,0.3819773406972429,0.3827775471611088,0.3929164798649753,0.3606028281502147,0.3803126897389192,0.3925985789810418,0.406762360446571
Public 2-Year,Ages 21-24,Part-Time,Retention Rate,0.4082469331222794,0.4050904305001274,0.424129826524902,0.4222750987797157,0.4241732392417324,0.4290724966375696,0.3913459697491863,0.4168564055859138,0.4276862982792874,0.4427113237639553
Public 2-Year,Ages 21-24,Part-Time,Retention Rate,63175.0,47108.0,44675.0,45809.0,43362.0,37919.0,36561.0,26352.0,29697.0,31350.0
Public 2-Year,Ages 21-24,Non-Credential,Retention Rate,,,0.3359009628610729,0.3783052884615384,0.3679169992019154,0.2707446808510638,0.2631964809384164,0.3088235294117647,0.3184031158714703,0.309009009009009
Public 2-Year,Ages 21-24,Non-Credential,Retention Rate,,,0.4137551581843191,0.4510216346153846,0.4337589784517159,0.3324468085106383,0.3108504398826979,0.3635620915032679,0.3612463485881207,0.3621621621621622
Public 2-Year,Ages 21-24,Non-Credential,Retention Rate,,,3635.0,3328.0,2506.0,1880.0,1364.0,1224.0,1027.0,1110.0
Public 2-Year,Ages 21-24,Program Unknown,Retention Rate,,,0.3008911410099598,0.2663185378590078,0.2419519672968829,0.2931206380857428,0.2424023154848046,0.2512639029322548,0.2977714556661925,0.2978996999571367
Public 2-Year,Ages 21-24,Program Unknown,Retention Rate,,,0.3707845535558273,0.3255874673629242,0.3030148185998978,0.3512794948487869,0.2854558610709117,0.2982810920121335,0.339497392128971,0.3411915987998285
Public 2-Year,Ages 21-24,Program Unknown,Retention Rate,,,5723.0,3830.0,3914.0,3009.0,2764.0,1978.0,2109.0,2333.0
Public 2-Year,Age 25 or Older,Total,Retention Rate,0.4219871709269074,0.4169236700077101,0.4308483033308114,0.4327520584123038,0.4503291736268055,0.4463608693330485,0.4172132744512274,0.426295358649789,0.4149747693763305,0.4277924434070918
Public 2-Year,Age 25 or Older,Total,Retention Rate,0.4552709255259874,0.4480050115651503,0.463831277238309,0.4631233493863601,0.4808742402335799,0.4735027347832388,0.4399191453435511,0.4552461322081575,0.4405207758416778,0.4533955744906383
Public 2-Year,Age 25 or Older,Total,Retention Rate,217163.0,186768.0,159931.0,154488.0,142478.0,131089.0,123184.0,88875.0,101464.0,98113.0
Public 2-Year,Age 25 or Older,Full-Time,Retention Rate,0.5179349301345605,0.5391516352069484,0.561676205341658,0.5659466104671584,0.5785567508763447,0.5652745214232345,0.5553770291982936,0.5408399354974409,0.496381961493733,0.5195005659794876
Public 2-Year,Age 25 or Older,Full-Time,Retention Rate,0.5556273670876258,0.5752271385306946,0.5994623655913979,0.6003907622058307,0.6127885893871631,0.597505990260995,0.5811125270098066,0.5742831101451308,0.5271029848817677,0.5502006654546702
Public 2-Year,Age 25 or Older,Full-Time,Retention Rate,77363.0,52501.0,46128.0,45552.0,41365.0,38813.0,36098.0,28526.0,30956.0,29153.0
Public 2-Year,Age 25 or Older,Part-Time,Retention Rate,0.3688631322887601,0.4051186567657492,0.4179833849161101,0.4052737868559229,0.4322603028275469,0.4294552305616055,0.4006465242233911,0.4082862673877901,0.3992250618301731,0.4132959062696143
Public 2-Year,Age 25 or Older,Part-Time,Retention Rate,0.3996708878872433,0.4323755591300707,0.4481302213017476,0.433166003115804,0.4608207568210542,0.4546292708347252,0.4225092512512228,0.4352485680643423,0.4225226710634789,0.4370423321012623
Public 2-Year,Age 25 or Older,Part-Time,Retention Rate,139770.0,90766.0,85946.0,86655.0,80706.0,74839.0,70531.0,50107.0,60650.0,57356.0
Public 2-Year,Age 25 or Older,Non-Credential,Retention Rate,,,0.2826143451143451,0.3114016589343455,0.3045430059256599,0.2665143331948483,0.2267362064232775,0.2084341513999308,0.2601893783449979,0.2939244663382594
Public 2-Year,Age 25 or Older,Non-Credential,Retention Rate,,,0.3312110187110187,0.3549838324195136,0.3524869815047585,0.2939343581221437,0.2454021410925062,0.2343587970964396,0.2836558254425689,0.3197865353037767
Public 2-Year,Age 25 or Older,Non-Credential,Retention Rate,,,7696.0,7113.0,5569.0,4814.0,3643.0,2893.0,2429.0,2436.0
Public 2-Year,Age 25 or Older,Program Unknown,Retention Rate,,,0.2429442983978969,0.2466376582278481,0.2458552365547917,0.2495444822942248,0.1751858736059479,0.1902299632603075,0.2549468299905774,0.262434554973822
Public 2-Year,Age 25 or Older,Program Unknown,Retention Rate,,,0.2710679033778086,0.2727452531645569,0.2703868445882194,0.272597639229977,0.1951672862453531,0.216492039733297,0.2779647328038767,0.2833769633507853
Public 2-Year,Age 25 or Older,Program Unknown,Retention Rate,,,20161.0,15168.0,14838.0,12623.0,12912.0,7349.0,7429.0,9168.0
Public 2-Year,Age Missing,Total,Retention Rate,0.2631166797180893,0.2255211623499684,0.2343909928352098,0.1948212083847102,0.1251435132032147,0.0948148148148148,0.1159217877094972,0.343167701863354,0.0955993930197268,0.0600255427841634
Public 2-Year,Age Missing,Total,Retention Rate,0.2631166797180893,0.2255211623499684,0.2364380757420675,0.1960542540073983,0.1251435132032147,0.0962962962962963,0.1187150837988826,0.343167701863354,0.0955993930197268,0.0613026819923371
Public 2-Year,Age Missing,Total,Retention Rate,1277.0,1583.0,977.0,811.0,871.0,675.0,716.0,644.0,659.0,783.0
Public 2-Year,Age Missing,Full-Time,Retention Rate,0.5178571428571429,0.389294403892944,0.4798534798534798,0.3318385650224215,0.28,0.3684210526315789,0.3975903614457831,0.8113207547169812,0.1666666666666666,0.4074074074074074
Public 2-Year,Age Missing,Full-Time,Retention Rate,0.5178571428571429,0.389294403892944,0.4798534798534798,0.3318385650224215,0.28,0.3684210526315789,0.3975903614457831,0.8113207547169812,0.1666666666666666,0.4074074074074074
Public 2-Year,Age Missing,Full-Time,Retention Rate,392.0,411.0,273.0,223.0,150.0,57.0,83.0,106.0,90.0,27.0
Public 2-Year,Age Missing,Part-Time,Retention Rate,0.1502824858757062,0.31640625,0.3181818181818182,0.2692307692307692,0.1244239631336405,0.1126760563380281,0.2147651006711409,0.5255813953488372,0.1104651162790697,0.1136363636363636
Public 2-Year,Age Missing,Part-Time,Retention Rate,0.1502824858757062,0.31640625,0.3181818181818182,0.2692307692307692,0.1244239631336405,0.1126760563380281,0.2147651006711409,0.5255813953488372,0.1104651162790697,0.1136363636363636
Public 2-Year,Age Missing,Part-Time,Retention Rate,885.0,256.0,220.0,182.0,217.0,142.0,149.0,215.0,172.0,132.0
Public 2-Year,Age Missing,Non-Credential,Retention Rate,,,138.0,67.0,74.0,83.0,77.0,69.0,112.0,94.0
Public 2-Year,Age Missing,Program Unknown,Retention Rate,,,0.0722543352601156,0.0943952802359882,0.0860465116279069,0.0585241730279898,0.0393120393120393,0.0629921259842519,0.0456140350877193,0.0283018867924528
Public 2-Year,Age Missing,Program Unknown,Retention Rate,,,0.0780346820809248,0.0943952802359882,0.0860465116279069,0.0610687022900763,0.0417690417690417,0.0629921259842519,0.0456140350877193,0.0283018867924528
Public 2-Year,Age Missing,Program Unknown,Retention Rate,,,346.0,339.0,430.0,393.0,407.0,254.0,285.0,530.0
